tag_h,tag_p,tag_formatting,tag_table,word_count,children_ratio,id_relevance_extent,tag_main,tag_article,x,y,height,width,element_area_ratio,label
0,0,0,NO,48,0.034146341,0,NO,NO,0,10,130,1266.400024,0.022571011,1
12,45,45,NO,3193,0.000932292,0,NO,NO,166,140,5594.600098,934,0.716395228,2
0,0,0,NO,1,1,0,NO,NO,0,0,0,0,0,0
0,0,0,NO,1,1,0,NO,NO,0,0,80,1266.400024,0.114416474,1
0,0,0,NO,1,1,0,NO,NO,176,0,80,1090.400024,0.098515259,1
4,16,292,YES,3060,0.000493318,2,NO,NO,176,79,3370.366699,1090.400024,4.150406841,2
13,0,73,NO,142,0.007963595,0,NO,NO,0,3449,0,1266.400024,0,3
0,0,15,NO,68,0.019911504,1,NO,NO,176,3449,144.1499939,1090.400024,0.177512174,4
0,0,0,NO,115,0.000744048,0,NO,NO,0,0,0,0,0,0
0,0,0,NO,18,0.001336898,0,NO,NO,0,0,0,0,0,0
0,0,0,NO,1,0.009259259,0,NO,NO,0,0,0,0,0,0
0,0,0,NO,1,1,0,NO,NO,0,-1000,18.3999939,0,0,0
0,0,0,NO,1,2,0,NO,NO,0,0,0,0,0,0
0,0,0,NO,1,1,0,NO,NO,0,0,0,0,0,0
0,0,0,NO,1,1,0,NO,NO,0,0,0,0,0,0
0,0,0,NO,1,0.025,0,NO,NO,0,0,0,0,0,0
0,0,39,NO,79,0.003642987,0,NO,NO,0,0,60,1266.400024,0.003048117,1
0,0,5,NO,7,0.018518519,0,NO,NO,0,80,22.19999695,1266.400024,0.001127803,1
0,0,0,NO,5,0.04,0,NO,NO,0,102,60,1266.400024,0.003048117,1
36,71,176,YES,3692,4.39E-05,0,NO,NO,0,169,18590.88281,1266.400024,0.944453126,2
11,0,120,NO,151,0.000942507,0,NO,YES,0,18759,418.5999756,1266.400024,0.021265696,4
1,0,0,NO,27,0.002873563,0,NO,NO,0,19178,169.8000031,1266.400024,0.008626172,4
1,1,0,NO,28,0.006666667,0,NO,NO,0,855,144.3166656,1266.400024,0.007331568,4
0,0,0,NO,1,2,0,NO,NO,0,0,0,0,0,0
1,1,17,NO,116,0.00140056,0,NO,NO,0,0,0,0,0,0
5,0,35,NO,101,0.003484321,0,NO,NO,0,19348,336.4000244,1266.400024,0.017089778,4
0,0,1,NO,1,3,0,NO,NO,0,0,0,0,0,0
0,0,0,NO,2,0.047619048,0,NO,NO,0,0,0,0,0,0
0,0,0,NO,1,1,0,NO,NO,0,0,0,0,0,0
0,0,0,NO,1,1,0,NO,NO,0,0,0,0,0,0
0,0,0,NO,1,1,0,NO,NO,0,0,0,0,0,0
0,0,0,NO,1,1,0,NO,NO,0,0,0,0,0,0
0,0,0,NO,2,0.020408163,0,NO,NO,0,0,0,0,0,0
0,0,0,NO,1,1,0,NO,NO,0,0,0,0,0,0
0,0,0,NO,1,0.002824859,0,NO,NO,0,0,0,0,0,0
0,0,0,NO,1,1,0,NO,NO,0,0,0,0,0,0
0,0,0,NO,13,0.003021148,0,NO,NO,0,0,0,0,0,0
0,0,0,NO,1,1,0,NO,NO,0,0,0,0,0,0
0,0,0,NO,1,1,0,NO,NO,0,0,0,0,0,0
0,0,0,NO,1,1,0,NO,NO,0,0,0,0,0,0
0,0,0,NO,1,1,0,NO,NO,0,0,0,0,0,0
0,0,0,NO,3,0.005050505,0,NO,NO,0,0,0,0,0,0
0,0,0,NO,1,1,0,NO,NO,0,0,0,0,0,0
0,0,0,NO,1,1,0,NO,NO,0,0,0,0,0,0
0,0,0,NO,2,0.008695652,0,NO,NO,0,0,0,0,0,0
0,0,0,NO,1,1,0,NO,NO,0,0,0,0,0,0
0,0,0,NO,1,1,0,NO,NO,0,0,0,0,0,0
0,0,0,NO,2,0.005319149,0,NO,NO,0,0,0,0,0,0
0,0,0,NO,1,1,0,NO,NO,0,0,0,0,0,0
0,0,0,NO,1,1,0,NO,NO,0,0,0,0,0,0
0,0,0,NO,1,1,0,NO,NO,0,0,0,0,0,0
0,0,0,NO,1,1,0,NO,NO,0,0,0,0,0,0
0,0,0,NO,1,1,0,NO,NO,0,0,0,0,0,0
0,0,0,NO,1,1,0,NO,NO,0,0,153.1999969,303.2000122,0.0052733,0
0,0,0,NO,106,0.002118644,0,NO,NO,0,0,0,0,0,0
0,0,0,NO,7,0.009615385,0,NO,NO,0,0,0,0,0,0
0,0,0,NO,39,0.00273224,0,NO,NO,0,0,0,0,0,0
0,0,0,NO,41,0.002604167,0,NO,NO,0,0,0,0,0,0
0,0,0,NO,1,1,0,NO,NO,0,0,0,0,0,0
0,0,0,NO,1,1,0,NO,NO,0,0,0,0,0,0
0,0,0,NO,3,0.003021148,0,NO,NO,0,0,0,0,0,0
35,29,258,NO,2617,0.002949231,0,NO,YES,0,157,6781.200195,1266.400024,0.974926692,2
0,0,0,NO,78,0.0004363,0,NO,NO,0,0,0,0,0,0
0,0,0,NO,2,0.006756757,0,NO,NO,0,0,0,0,0,0
0,0,0,NO,18,0.000550661,0,NO,NO,0,0,0,0,0,0
0,0,0,NO,3,0.003472222,0,NO,NO,0,0,0,0,0,0
0,0,0,NO,3,0.003225806,0,NO,NO,0,0,0,0,0,0
0,0,0,NO,7,0.12037037,0,NO,NO,0,0,0,0,0,0
0,0,0,NO,1,0.875,0,NO,NO,0,0,0,0,0,0
6,1,0,NO,7,0.120689655,0,NO,NO,0,0,0,0,0,0
0,0,0,NO,1,70,0,NO,NO,0,0,0,0,0,0
0,0,0,NO,2,0.272727273,0,NO,NO,0,0,0,0,0,0
0,0,0,NO,3,0.3125,0,NO,NO,0,0,0,0,0,0
0,0,0,NO,1,2,0,NO,NO,0,0,0,0,0,0
0,0,0,NO,1,0.833333333,0,NO,NO,0,0,0,0,0,0
0,0,0,NO,1,0.003846154,0,NO,NO,0,0,0,0,0,0
0,0,0,NO,21,0.000659631,0,NO,NO,0,0,0,0,0,0
0,0,0,NO,1,1,0,NO,NO,0,6951,1,1,1.14E-07,0
0,0,0,NO,1,1,0,NO,NO,0,0,0,0,0,0
0,0,0,NO,1,2,0,NO,NO,0,0,0,0,0,0
0,0,0,NO,6,0.038216561,0,NO,NO,0,0,0,0,0,0
0,0,0,NO,1,1,0,NO,NO,0,0,0,0,0,0
0,0,0,NO,1,1,0,NO,NO,0,0,0,0,0,0
0,0,0,NO,1,1,0,NO,NO,0,0,0,0,0,0
0,0,0,NO,1,1,0,NO,NO,0,0,0,0,0,0
0,0,0,NO,30,0.002173913,0,NO,NO,0,0,0,0,0,0
0,0,0,NO,21,0.001686341,0,NO,NO,0,0,0,0,0,0
0,0,0,NO,3,0.026315789,0,NO,NO,0,0,0,0,0,0
0,0,0,NO,18,0.003952569,0,NO,NO,0,0,0,0,0,0
0,0,0,NO,1,3,0,NO,NO,0,0,0,0,0,0
0,0,0,NO,3,0.027027027,0,NO,NO,0,0,0,0,0,0
0,0,0,NO,18,0.003952569,0,NO,NO,0,0,0,0,0,0
0,0,0,NO,1,3,0,NO,NO,0,0,0,0,0,0
0,0,0,NO,1,1,0,NO,NO,0,0,0,0,0,0
0,0,0,NO,1,1,0,NO,NO,0,0,0,0,0,0
0,0,0,NO,1,1,0,NO,NO,0,0,0,0,0,0
1,0,0,YES,4543,5.27E-05,0,NO,NO,0,0,0,0,0,0
0,0,0,NO,1,1,0,NO,NO,0,0,0,0,0,0
0,0,0,NO,64,0.005649718,0,NO,NO,0,0,0,0,0,0
0,0,0,NO,5,0.0375,0,NO,NO,0,0,1,1,1.13E-06,0
0,0,0,NO,28,0.008695652,0,NO,NO,0,0,0,0,0,0
1,0,0,NO,33,0.0234375,0,NO,NO,0,1,49,1266.400024,0.07008009,1
65,0,41,NO,1451,0.000621762,1,NO,YES,0,50,60,1266.400024,0.085812355,1
0,0,0,NO,1,1,0,NO,NO,0,0,0,0,0,0
0,0,33,NO,413,0.004297994,0,NO,NO,-240,0,699.2000122,240,0.189513578,0
0,0,0,NO,22,0.013333333,0,NO,NO,0,0,0,0,0,0
17,12,37,YES,2775,0.000640615,0,NO,NO,148,110,4761.216797,970,5.215757052,2
5,2,32,NO,500,0.00780379,0,NO,NO,0,4946,360.4666748,1266.400024,0.515541574,4
0,0,1,NO,1,3,0,NO,NO,0,0,0,0,0,0
0,0,0,NO,1,1,0,NO,NO,0,0,0,0,0,0
0,0,0,NO,6,0.019607843,0,NO,NO,0,0,0,0,0,0
0,0,0,NO,455,0.000807754,0,NO,NO,0,0,0,0,0,0
0,0,0,NO,263,0.001428571,0,NO,NO,0,0,0,0,0,0
0,0,0,NO,141,0.002145923,0,NO,NO,0,0,0,0,0,0
0,0,0,NO,4,0.022222222,0,NO,NO,0,0,0,0,0,0
0,0,0,NO,1,3,0,NO,NO,0,0,0,0,0,0
0,0,0,NO,1,1,0,NO,NO,0,0,0,0,0,0
0,0,0,NO,1,1,0,NO,NO,0,0,0,0,0,0
0,0,0,NO,17,0.012345679,0,NO,NO,0,0,0,0,0,0
0,0,0,NO,344,0.001119821,0,NO,NO,0,0,0,0,0,0
0,0,0,NO,1,1,0,NO,NO,0,0,0,0,0,0
0,0,0,NO,1,1,0,NO,NO,0,0,0,0,0,0
0,0,0,NO,1,1,0,NO,NO,0,0,0,0,0,0
0,0,0,NO,1,1,0,NO,NO,0,286,610,278,0.191514779,3
0,0,0,NO,1,1,0,NO,NO,0,5307,0,1266.400024,0,0
0,0,0,NO,1,1,0,NO,NO,0,-9999,3.199996948,3.199996948,1.16E-05,0
0,0,0,NO,1034,7.54E-05,0,NO,NO,0,0,0,0,0,0
0,0,0,NO,1,1,0,NO,NO,0,0,0,1266.400024,0,1
0,0,0,NO,93,0.002309469,0,NO,NO,0,0,0,0,0,0
4,12,23,NO,714,0.001115076,0,NO,NO,0,0,0,0,0,2
0,0,0,NO,5,0.037037037,0,NO,NO,0,0,2127.699951,1266.400024,3.043049076,4
0,0,0,NO,1,1,0,NO,NO,0,2128,89.40000916,1266.400024,0.127860423,4
0,0,0,NO,1,1,0,NO,NO,0,0,0,0,0,0
0,0,0,NO,1,1,0,NO,NO,0,2128,0,1266.400024,0,0
0,0,0,NO,1,1,0,NO,NO,0,0,0,0,0,0
0,0,0,NO,1,1,0,NO,NO,0,53,0,1266.400024,0,0
0,0,0,NO,6,0.020833333,0,NO,NO,0,0,0,0,0,0
0,0,0,NO,1,0.024390244,0,NO,NO,0,0,0,0,0,0
0,0,0,NO,4698,1.26E-05,0,NO,NO,0,0,0,0,0,0
0,0,0,NO,9539,4.06E-06,0,NO,NO,0,0,0,0,0,0
0,0,0,NO,302,0.000607903,0,NO,NO,0,0,0,0,0,0
0,0,0,NO,1,1,0,NO,NO,0,2128,0,1266.400024,0,4
0,0,0,NO,1,1,0,NO,NO,0,0,0,0,0,0
0,0,0,NO,19,0.003846154,0,NO,NO,0,0,0,0,0,0
3,17,322,YES,1933,0.000917737,0,NO,YES,0,0,4263.383301,1266.400024,1.002586785,2
0,0,0,NO,1,1,0,NO,NO,0,0,0,0,0,0
0,0,0,NO,1,1,0,NO,NO,0,0,0,0,0,0
0,0,0,NO,23,0.005076142,0,NO,NO,0,0,0,0,0,0
0,0,0,NO,98,0.0008,0,NO,NO,0,0,0,0,0,0
0,0,0,NO,1,1,0,NO,NO,0,0,0,0,0,0
0,0,0,NO,29,0.007142857,0,NO,NO,0,0,0,0,0,0
0,0,0,NO,1,1,0,NO,NO,0,0,0,0,0,0
0,0,0,NO,1,1,0,NO,NO,0,0,0,0,0,0
0,0,0,NO,1,3,0,NO,NO,0,0,0,0,0,0
0,0,0,NO,1,1,0,NO,NO,0,0,0,1266.400024,0,0
1,0,39,NO,72,0.024154589,0,NO,NO,0,0,97.6000061,1266.400024,0.015195708,1
0,0,0,NO,1,1,0,NO,NO,0,98,0,1266.400024,0,0
9,43,95,YES,1513,0.000546687,1,NO,NO,0,103,6320.266602,1266.400024,0.984025809,2
0,1,0,NO,28,0.023076923,0,NO,NO,0,612,87.59999084,1266.400024,0.013638768,0
0,0,0,NO,46,0.001897533,0,NO,NO,0,0,0,0,0,0
0,0,0,NO,1,1,0,NO,NO,0,0,0,0,0,0
0,0,1,NO,1,1,0,NO,NO,1167,646,49.59999084,49,0.000298798,0
0,0,0,NO,1,1,0,NO,NO,0,0,0,0,0,0
0,0,0,NO,10,0.00952381,0,NO,NO,0,0,0,0,0,0
0,0,0,NO,1,1,0,NO,NO,0,0,0,0,0,0
0,0,0,NO,1,1,0,NO,NO,0,0,0,0,0,0
0,0,0,NO,497,0.002457002,0,NO,NO,0,0,0,0,0,0
0,0,0,NO,1,1,0,NO,NO,0,0,0,0,0,0
0,0,0,NO,1,1,0,NO,NO,0,0,0,0,0,0
0,0,0,NO,1,1,0,NO,NO,0,0,0,0,0,0
0,0,0,NO,1,1,0,NO,NO,0,0,0,0,0,0
0,0,0,NO,1,1,0,NO,NO,0,0,0,0,0,0
0,0,0,NO,12,0.010638298,0,NO,NO,0,0,0,0,0,0
0,0,0,NO,1,1,0,NO,NO,0,0,0,0,0,0
0,0,0,NO,1,1,0,NO,NO,0,0,0,0,0,0
0,0,0,NO,1,1,0,NO,NO,0,0,0,0,0,0
0,0,0,NO,1,1,0,NO,NO,0,0,0,0,0,0
0,0,0,NO,1,1,0,NO,NO,0,0,0,0,0,0
0,0,0,NO,1,1,0,NO,NO,0,0,0,0,0,0
0,0,0,NO,1,1,0,NO,NO,0,0,0,0,0,0
0,0,0,NO,1,1,0,NO,NO,0,0,0,0,0,0
0,0,0,NO,1,1,0,NO,NO,0,0,0,0,0,0
0,0,0,NO,1,1,0,NO,NO,0,0,0,0,0,0
0,0,0,NO,1,1,0,NO,NO,0,0,0,0,0,0
0,0,0,NO,1,1,0,NO,NO,0,0,0,0,0,0
0,0,0,NO,1,1,0,NO,NO,0,0,0,0,0,0
0,0,0,NO,1,1,0,NO,NO,0,0,0,0,0,0
0,0,0,NO,1,1,0,NO,NO,0,0,0,0,0,0
0,0,0,NO,1,1,0,NO,NO,0,0,0,0,0,0
0,0,0,NO,1,1,0,NO,NO,0,0,0,0,0,0
0,0,0,NO,1,1,0,NO,NO,0,0,0,0,0,0
0,0,0,NO,1,1,0,NO,NO,0,0,0,0,0,0
0,0,0,NO,17,0.00048216,0,NO,NO,0,0,0,0,0,0
0,0,0,NO,1,1,0,NO,NO,0,0,0,0,0,0
0,0,0,NO,32,0.003546099,0,NO,NO,0,0,0,0,0,0
0,0,0,NO,1,1,0,NO,NO,0,0,0,0,0,0
0,0,0,NO,2,0.066666667,0,NO,NO,0,0,0,0,0,0
0,0,0,NO,17,0.0015625,0,NO,NO,0,0,0,0,0,0
0,0,0,NO,1,1,0,NO,NO,0,0,0,0,0,0
0,0,0,NO,1,1,0,NO,NO,0,0,0,0,0,0
0,0,0,NO,1,1,0,NO,NO,0,0,0,0,0,0
0,0,0,NO,1,1,0,NO,NO,0,0,0,0,0,0
0,0,0,NO,1,1,0,NO,NO,0,0,0,0,0,0
0,0,0,NO,1,1,0,NO,NO,0,0,0,0,0,0
0,0,0,NO,1,1,0,NO,NO,0,0,0,0,0,0
0,0,0,NO,1,1,0,NO,NO,0,0,0,0,0,0
0,0,0,NO,1,1,0,NO,NO,0,0,0,0,0,0
0,0,0,NO,1,1,0,NO,NO,0,0,0,0,0,0
0,0,0,NO,207,0.000802568,0,NO,NO,0,0,0,0,0,0
0,0,0,NO,4,0.005882353,0,NO,NO,0,0,0,0,0,0
0,0,0,NO,8,0.002816901,0,NO,NO,0,0,0,0,0,0
0,0,0,NO,1,1,0,NO,NO,0,0,0,0,0,0
0,0,0,NO,2049,6.39E-05,0,NO,NO,0,0,0,0,0,0
0,0,0,NO,21,0.000930233,0,NO,NO,0,0,0,0,0,0
0,0,0,NO,9,0.010204082,0,NO,NO,0,0,0,0,0,0
0,0,0,NO,41,0.001930502,0,NO,NO,0,0,0,0,0,0
0,0,0,NO,1,1,0,NO,NO,0,0,0,0,0,0
0,0,0,NO,1,1,0,NO,NO,0,0,0,0,0,0
0,0,0,NO,1,1,0,NO,NO,0,0,0,0,0,0
0,0,62,NO,126,0.017857143,0,NO,NO,0,0,173.7833405,1266.400024,0.049997125,1
0,0,70,NO,157,0.016949153,0,NO,NO,0,0,164.3333282,1266.400024,0.047278375,1
8,5,236,NO,1003,0.001504325,0,NO,YES,0,174,2711.283203,1266.400024,0.780030835,2
6,0,13,NO,143,0.02972028,0,NO,NO,0,2935,540.7999878,1266.400024,0.155587091,4
0,0,0,NO,77,0.002298851,0,NO,NO,0,0,0,0,0,0
0,1,0,NO,66,0.008064516,0,NO,NO,0,0,0,0,0,0
0,0,0,NO,1,1,0,NO,NO,0,0,0,0,0,0
0,0,0,NO,1,1,1,NO,NO,0,0,0,0,0,0
0,0,0,NO,18,0.004310345,0,NO,NO,0,0,0,0,0,0
0,0,0,NO,1,1,0,NO,NO,0,0,0,0,0,0
0,1,0,NO,66,0.008064516,0,NO,NO,0,699,0,1266.400024,0,0
0,0,0,NO,1,1,0,NO,NO,0,0,0,0,0,0
0,0,0,NO,3,0.003861004,0,NO,NO,0,0,0,0,0,0
0,0,0,NO,1,1,0,NO,NO,0,0,0,0,0,0
0,0,0,NO,1,1,0,NO,NO,0,0,0,0,0,0
0,0,0,NO,30,0.002564103,0,NO,NO,0,0,0,0,0,0
0,0,0,NO,1,1,0,NO,NO,0,0,0,0,0,0
0,0,0,NO,1,3,0,NO,NO,0,0,0,0,0,0
21,47,120,NO,5062,9.22E-05,0,YES,YES,0,70,16378.4668,1266.400024,0.951403057,2
4,0,7,NO,92,0.008680556,0,NO,NO,0,16448,384.4000244,1266.400024,0.022329279,4
0,0,0,NO,1,7,0,NO,NO,269,609,90,728,0.003005345,0
0,0,0,NO,1,3,0,NO,NO,0,16833,1,1266.400024,5.81E-05,0
0,0,8,NO,175,0.004231312,0,NO,NO,0,16834,381.2000122,1266.400024,0.022143395,4
0,1,27,NO,268,0.00499002,0,NO,NO,0,70,60,1266.400024,0.003485319,1
0,0,0,NO,1,2.5,0,NO,NO,0,0,0,0,0,0
0,0,0,NO,106,0.01048218,0,NO,NO,986,589,80.3999939,250,0.000921969,0
0,0,0,NO,1,1,0,NO,NO,0,0,0,0,0,0
0,0,0,NO,4,0.01,0,NO,NO,0,0,0,0,0,0
0,0,0,NO,23,0.000816327,0,NO,NO,0,0,0,0,0,0
0,0,0,NO,1,1,0,NO,NO,0,0,0,0,0,0
0,0,0,NO,1,1,0,NO,NO,0,0,0,0,0,0
0,0,0,NO,1,0.002079002,0,NO,NO,0,0,0,0,0,0
0,0,0,NO,1,1,0,NO,NO,0,0,0,0,0,0
0,0,0,NO,1,0.002941176,0,NO,NO,0,0,0,0,0,0
0,0,0,NO,111,0.004694836,0,NO,NO,0,0,0,0,0,0
0,0,0,NO,231,0.001112347,0,NO,NO,0,0,0,0,0,0
0,0,0,NO,1,0.012987013,0,NO,NO,0,0,0,0,0,0
0,0,0,NO,127,0.002638522,0,NO,NO,0,0,0,0,0,0
0,0,0,NO,1,1,0,NO,NO,0,0,0,0,0,0
0,0,0,NO,1,1,0,NO,NO,0,0,0,0,0,0
0,0,0,NO,1,1,0,NO,NO,0,0,0,0,0,0
18,65,201,NO,5943,0.000242738,0,YES,YES,0,0,14817.9668,1266.400024,1,2
0,0,0,NO,18,0.007142857,0,NO,NO,0,0,0,0,0,0
0,0,0,NO,35,0.002624672,0,NO,NO,0,0,0,0,0,0
0,0,0,NO,71,0.000627353,0,NO,NO,0,0,0,0,0,0
0,0,0,NO,112,0.000866551,0,NO,NO,0,0,0,0,0,0
0,0,0,NO,1,1,0,NO,NO,0,0,0,0,0,0
0,0,0,NO,37,0.001259446,0,NO,NO,0,0,0,0,0,0
0,0,0,NO,1,1,0,NO,NO,0,0,0,0,0,0
0,0,0,NO,1,1,0,NO,NO,0,0,0,0,0,0
0,0,0,NO,1,1,0,NO,NO,0,0,0,0,0,0
0,0,0,NO,1,1,0,NO,NO,0,0,0,0,0,0
0,0,0,NO,1,1,0,NO,NO,0,0,0,0,0,0
0,0,0,NO,1,1,0,NO,NO,0,0,0,0,0,0
0,0,0,NO,1,1,0,NO,NO,0,0,0,0,0,0
0,0,0,NO,10,0.018181818,0,NO,NO,0,0,0,0,0,0
0,0,0,NO,1,1,0,NO,NO,0,0,0,0,0,0
0,0,0,NO,42,0.015037594,0,NO,NO,0,0,65.6000061,1266.400024,0.004427059,1
0,0,0,NO,900,3.75E-05,0,NO,NO,906,368,321.5999756,350,0.005998249,0
0,0,0,NO,1,1,0,NO,NO,0,0,0,0,0,0
0,0,0,NO,5,0.009345794,0,NO,NO,0,0,0,0,0,0
0,0,0,NO,3,0.071428571,0,NO,NO,1166,599,50,50,0.000133223,0
0,0,0,NO,1,1,0,NO,NO,0,14818,0,1266.400024,0,0
0,0,0,NO,4,0.010638298,0,NO,NO,0,0,0,0,0,0
13,36,23,NO,4641,4.31E-05,0,YES,YES,0,0,11197.25,1266.400024,1,2
0,0,0,NO,1,1,0,NO,NO,0,0,0,0,0,0
0,0,0,NO,14,0.006802721,0,NO,NO,0,0,0,0,0,0
0,0,0,NO,34,0.000102543,0,NO,NO,0,0,0,0,0,0
0,0,0,NO,1,1,0,NO,NO,0,0,0,0,0,0
0,0,0,NO,1208,1.05E-05,0,NO,NO,0,0,0,0,0,0
0,0,0,NO,8,0.017857143,0,NO,NO,0,0,0,0,0,0
0,0,0,NO,1,1,0,NO,NO,0,0,0,0,0,0
0,0,0,NO,42,0.001221001,0,NO,NO,0,0,0,0,0,0
0,0,0,NO,1,1,0,NO,NO,0,0,0,0,0,0
0,0,0,NO,1,1,0,NO,NO,0,0,0,0,0,0
0,0,0,NO,1,1,0,NO,NO,0,0,0,0,0,0
0,0,0,NO,1,1,0,NO,NO,0,0,0,0,0,0
0,0,0,NO,1,0.5,0,NO,NO,0,0,0,0,0,0
0,0,20,YES,70061,8.08E-06,0,NO,NO,0,0,7127.983398,1266.400024,0.997257801,2
0,33,8,NO,147,0.005769231,0,NO,NO,0,0,52.9833374,1266.400024,0.01398937,1
0,0,0,NO,2,0.153846154,0,NO,NO,1166,50,0,0,0,0
0,0,0,NO,11,0.057692308,0,NO,NO,-20,50,104,1286.400024,0.027893133,1
0,0,0,NO,4,0.04109589,0,NO,NO,0,159,0,1266.400024,0,1
5,18,73,YES,944,0.000514139,0,NO,NO,133,169,3138.800049,1000,0.654412486,2
0,37,1,NO,102,0.005309735,0,NO,NO,0,3318,469.5999756,1266.400024,0.123990069,4
0,0,0,NO,1,1,0,NO,NO,0,0,0,0,0,0
0,0,0,NO,1,1,0,NO,NO,0,0,0,0,0,0
0,0,0,NO,60,0.002331002,0,NO,NO,0,0,0,0,0,0
0,0,0,NO,7,0.094339623,0,NO,NO,0,0,68,1266.400024,0.097254003,1
0,0,0,YES,3,0.115384615,0,NO,NO,0,0,0,0,0,0
0,0,0,NO,2,0.055555556,0,NO,NO,0,0,0,0,0,0
17,0,6,NO,340,0.00148368,0,NO,NO,0,68,44,1266.400024,0.062929061,1
4,0,0,NO,157,0.002955665,0,NO,NO,0,112,699.2000122,200,0.157927982,3
14,7,15,NO,608,0.001336541,0,NO,NO,220,112,2971.050049,1046.400024,3.511036719,2
0,0,0,NO,1,1,0,NO,NO,0,0,0,0,0,0
0,0,0,NO,1,1,0,NO,NO,0,0,0,0,0,0
0,0,0,NO,1,1,0,NO,NO,0,0,0,0,0,0
1,0,0,NO,5,0.111111111,0,NO,NO,0,0,0,0,0,0
0,0,0,NO,1,1,0,NO,NO,-1000,-1000,104,104,0.012215024,0
0,0,0,NO,1,1,0,NO,NO,0,0,0,0,0,0
0,0,0,NO,1,1,0,NO,NO,0,0,0,0,0,0
0,0,0,NO,1,1,0,NO,NO,0,0,0,0,0,0
0,0,0,NO,4,0.010638298,0,NO,NO,0,0,0,0,0,0
14,48,45,NO,5461,3.86E-05,0,YES,YES,0,0,18690.56641,1266.400024,1,2
0,0,0,NO,1,1,0,NO,NO,0,0,0,0,0,0
0,0,0,NO,14,0.006802721,0,NO,NO,0,0,0,0,0,0
0,0,0,NO,35,9.96E-05,0,NO,NO,0,0,0,0,0,0
0,0,0,NO,1,1,0,NO,NO,0,0,0,0,0,0
0,0,0,NO,3170,2.01E-05,0,NO,NO,0,0,0,0,0,0
0,0,0,NO,8,0.017857143,0,NO,NO,0,0,0,0,0,0
0,0,0,NO,1,1,0,NO,NO,0,0,0,0,0,0
0,0,0,NO,42,0.001221001,0,NO,NO,0,0,0,0,0,0
0,0,0,NO,1,1,0,NO,NO,0,0,0,0,0,0
0,0,0,NO,1,1,0,NO,NO,0,0,0,0,0,0
0,0,0,NO,1,1,0,NO,NO,0,0,0,0,0,0
0,0,3,NO,12,0.1,0,NO,NO,0,0,0,1266.400024,0,0
0,0,1,NO,28,0.024793388,0,NO,NO,0,0,100,1266.400024,0.032976637,1
0,0,4,NO,3,0.217391304,0,NO,NO,0,100,68.6000061,1266.400024,0.022621975,1
7,7,49,NO,572,0.000937207,0,NO,NO,0,163,2731.449951,1266.400024,0.900740324,2
1,0,22,NO,15,0.04,1,NO,NO,0,2894,138.3999939,1266.400024,0.045639663,4
0,0,0,NO,32,0.002967359,0,NO,NO,0,0,0,0,0,0
0,0,0,NO,1,1,0,NO,NO,0,0,0,0,0,0
0,0,0,NO,1,1,0,NO,NO,0,0,0,0,0,0
0,0,0,NO,1,1,0,NO,NO,0,0,0,0,0,0
0,0,0,NO,1,1,0,NO,NO,0,0,0,0,0,0
0,0,0,NO,1,1,0,NO,NO,0,0,0,0,0,0
0,0,0,NO,33,0.003816794,0,NO,NO,0,0,0,0,0,0
0,0,0,NO,1,1,0,NO,NO,0,0,0,0,0,0
0,0,0,NO,10,0.008,0,NO,NO,0,0,0,0,0,0
0,0,0,NO,1,1,0,NO,NO,0,0,0,0,0,0
0,0,0,NO,1,1,0,NO,NO,0,0,0,0,0,0
0,0,0,NO,1,0.003610108,0,NO,NO,0,0,0,0,0,0
0,0,0,NO,1,1,0,NO,NO,0,3032,0,1266.400024,0,0
0,0,0,NO,1,1,0,NO,NO,0,3032,0,1266.400024,0,0
0,0,0,NO,1,1,0,NO,NO,-1,-15985,1,1,2.60E-07,0
0,0,0,NO,1,1,0,NO,NO,0,0,153.1999969,303.2000122,0.008922079,0
0,0,0,NO,106,0.002118644,0,NO,NO,0,0,0,0,0,0
0,0,0,NO,7,0.009615385,0,NO,NO,0,0,0,0,0,0
0,0,0,NO,39,0.00273224,0,NO,NO,0,0,0,0,0,0
0,0,0,NO,41,0.002604167,0,NO,NO,0,0,0,0,0,0
0,0,0,NO,1,1,0,NO,NO,0,0,0,0,0,0
0,0,0,NO,3,0.003021148,0,NO,NO,0,0,0,0,0,0
33,25,365,NO,2307,0.003203218,0,NO,YES,0,157,3936.633301,1266.400024,0.957577598,2
0,0,0,NO,7,0.12037037,0,NO,NO,0,0,0,0,0,0
0,0,0,NO,1,0.875,0,NO,NO,0,0,0,0,0,0
6,1,0,NO,7,0.120689655,0,NO,NO,0,0,0,0,0,0
0,0,0,NO,1,70,0,NO,NO,0,0,0,0,0,0
0,0,0,NO,2,0.272727273,0,NO,NO,0,0,0,0,0,0
0,0,0,NO,3,0.3125,0,NO,NO,0,0,0,0,0,0
1,1,24,NO,162,0.001647446,0,NO,NO,0,0,0,0,0,0
0,0,0,NO,1,0.833333333,0,NO,NO,0,0,0,0,0,0
0,0,0,NO,1,0.003731343,0,NO,NO,0,0,0,0,0,0
0,0,0,NO,1,1,0,NO,NO,0,4106,1,1,1.92E-07,0
0,0,0,NO,1,1,0,NO,NO,0,0,0,0,0,0
0,0,0,NO,1,2,0,NO,NO,0,0,0,0,0,0
0,0,0,NO,1,1,0,NO,NO,0,0,0,0,0,0
0,0,0,NO,78,0.0004363,0,NO,NO,0,0,0,0,0,0
0,0,0,NO,2,0.006756757,0,NO,NO,0,0,0,0,0,0
0,0,0,NO,18,0.000550661,0,NO,NO,0,0,0,0,0,0
0,0,0,NO,3,0.003472222,0,NO,NO,0,0,0,0,0,0
0,0,0,NO,3,0.003225806,0,NO,NO,0,0,0,0,0,0
0,0,0,NO,6,0.038216561,0,NO,NO,0,0,0,0,0,0
0,0,0,NO,1,1,0,NO,NO,0,0,0,0,0,0
0,0,0,NO,1,1,0,NO,NO,0,0,0,0,0,0
0,0,0,NO,1,1,0,NO,NO,0,0,0,0,0,0
0,0,0,NO,1,1,0,NO,NO,0,0,0,0,0,0
1,0,0,NO,13,0.073170732,0,NO,NO,0,0,699.2000122,1266.400024,1,3
0,0,0,NO,4,0.15,0,NO,NO,0,0,0,0,0,0
11,18,2,YES,819,0.002051856,0,YES,NO,0,0,1636.550049,1266.400024,2.340603576,2
3,2,18,NO,74,0.008547009,1,NO,NO,0,1716,382.0499878,1266.400024,0.546410156,4
0,0,0,NO,1,1,0,NO,NO,0,0,0,0,0,0
0,0,0,NO,1,1,0,NO,NO,0,0,0,0,0,0
0,0,0,NO,1,1,0,NO,NO,0,0,0,0,0,0
0,0,0,NO,1,1,0,NO,NO,0,0,0,0,0,0
0,0,0,NO,1,1,0,NO,NO,0,0,0,0,0,0
0,0,0,NO,1,1,0,NO,NO,0,0,0,0,0,0
0,0,0,NO,1,0.032258065,0,NO,NO,0,0,0,0,0,0
0,0,0,NO,1,1,0,NO,NO,0,0,0,0,0,0
0,0,0,NO,215,0.001841621,0,NO,NO,0,0,0,0,0,0
0,0,0,NO,70,0.008130081,0,NO,NO,0,0,0,0,0,0
0,0,0,NO,1,1,0,NO,NO,0,0,0,0,0,0
0,0,0,NO,1,1,0,NO,NO,0,0,0,0,0,0
0,0,0,NO,1,1,0,NO,NO,0,0,0,0,0,0
0,1,0,NO,1,0.5,0,NO,NO,0,0,0,0,0,0
0,0,0,NO,1,0.04,0,NO,NO,0,0,0,0,0,0
0,0,0,NO,1,1,0,NO,NO,0,0,0,0,0,0
0,0,0,NO,1,1,0,NO,NO,0,0,0,0,0,0
0,0,0,NO,1,1,0,NO,NO,0,0,0,0,0,0
0,0,0,NO,1,1,0,NO,NO,0,0,0,0,0,0
0,0,0,NO,1,2,0,NO,NO,0,0,0,0,0,0
0,0,0,NO,1,1,0,NO,NO,0,0,0,0,0,0
0,0,0,NO,1,1,0,NO,NO,0,0,0,0,0,0
0,0,0,NO,1,1,0,NO,NO,0,0,0,0,0,0
0,0,0,NO,1,1,0,NO,NO,0,0,0,0,0,0
0,0,0,NO,1,1,0,NO,NO,0,-13,16,0,0,0
0,0,0,NO,1,1,0,NO,NO,0,0,0,0,0,0
0,0,0,NO,1,0.5,0,NO,NO,0,0,0,0,0,0
2,0,1,NO,122,0.001243781,0,NO,NO,143,0,100,980,0.019748555,1
30,0,3,NO,1110,0.000283447,0,NO,NO,143,110,3503.5,980,0.691890609,2
0,0,15,NO,27,0.003952569,0,NO,NO,0,3614,0,1266.400024,0,3
0,0,0,NO,17,0.003649635,0,NO,NO,0,0,0,0,0,0
0,0,0,NO,1,1,0,NO,NO,0,0,0,0,0,0
0,0,0,NO,3,0.002985075,0,NO,NO,0,0,0,0,0,0
0,0,0,NO,24,0.004524887,0,NO,NO,0,0,0,0,0,0
0,0,0,NO,11,0.00255102,0,NO,NO,0,0,0,0,0,0
0,0,0,NO,7,0.003861004,0,NO,NO,0,0,0,0,0,0
0,0,0,NO,5,0.00203252,0,NO,NO,0,0,0,0,0,0
0,0,0,NO,1,1,0,NO,NO,0,0,0,0,0,0
0,0,1,NO,1,5,0,NO,NO,0,0,160,1266.400024,0.123133752,1
0,0,11,YES,814,0.001368363,1,NO,NO,0,160,1139.400024,1266.400024,0.876866248,2
18,35,534,NO,3609,0.000350693,1,NO,NO,0,0,1614.733398,1266.400024,1,2
0,0,0,NO,1,1,0,NO,NO,0,1615,1.599990845,1.600006104,1.25E-06,0
0,0,0,NO,1,1,0,NO,NO,0,0,0,1266.400024,0,0
0,0,0,NO,1,1,0,NO,NO,0,-1000,0,0,0,0
0,0,0,NO,1,1,0,NO,NO,0,0,0,1266.400024,0,0
0,0,0,NO,15,0.010989011,0,NO,NO,0,0,0,0,0,0
0,0,0,NO,1,1,0,NO,NO,0,0,0,0,0,0
0,0,0,NO,38,0.002421308,0,NO,NO,0,0,0,0,0,0
0,0,0,NO,23,0.002617801,0,NO,NO,0,0,0,0,0,0
0,0,0,NO,1,1,0,NO,NO,0,0,0,0,0,0
0,0,0,NO,1,1,0,NO,NO,0,0,0,0,0,0
0,0,0,NO,8,0.012987013,0,NO,NO,0,0,0,0,0,0
0,0,0,NO,1,1,0,NO,NO,0,0,0,0,0,0
2,0,50,NO,17,0.006185567,0,NO,NO,0,0,40.31666565,1266.400024,0.012302043,1
60,33,56,NO,20516,0.000129341,0,NO,NO,0,0,0,1266.400024,0,2
1,0,36,NO,48,0.004219409,0,NO,NO,0,40,2909.199951,1266.400024,0.887699958,3
0,0,0,NO,1,1,0,NO,NO,0,0,0,0,0,0
0,0,0,NO,1221,0.000351617,0,NO,NO,0,0,0,0,0,0
0,0,0,NO,176,0.002666667,0,NO,NO,0,0,0,0,0,0
0,0,0,NO,437,0.000796813,0,NO,NO,0,0,0,0,0,0
0,0,0,NO,154,0.003519062,0,NO,NO,0,2950,327.7166748,1266.400024,0.099997966,0
0,0,0,NO,167,0.00177305,0,NO,NO,0,0,0,0,0,0
0,0,0,NO,37,0.000249377,0,NO,NO,0,0,0,0,0,0
0,0,0,NO,19,0.002173913,0,NO,NO,0,0,0,0,0,0
0,0,0,NO,3,0.015384615,0,NO,NO,0,0,0,0,0,0
0,0,0,NO,67,0.000202184,0,NO,NO,0,0,0,0,0,0
0,0,0,NO,1,1,0,NO,NO,0,-1000,0,0,0,0
0,0,0,NO,1,1,0,NO,NO,0,0,0,0,0,0
0,0,1,NO,41,0.011299435,0,NO,NO,8,8,152,1250.400024,0.123950768,1
0,0,0,NO,1,1,0,NO,NO,8,160,18.3999939,0.016662598,2.00E-07,0
0,30,19,YES,307,0.000520291,0,NO,NO,8,178,910.7999878,1250.400024,0.742726038,2
0,0,0,NO,1,1,0,NO,NO,8,1097,1.600006104,1250.400024,0.00130475,0
0,2,0,NO,7,0.025,0,NO,NO,400,1107,77.59999084,466.666687,0.023617022,3
0,0,0,NO,7,0.042857143,0,NO,NO,8,1184,18.40000916,1250.400024,0.015004574,0
0,0,9,NO,12,0.034482759,0,NO,NO,0,0,99.80000305,1266.400024,0.007265941,1
19,40,91,NO,1454,0.000548186,1,NO,YES,0,144,13369.5166,1266.400024,0.973367938,2
0,0,6,NO,17,0.035714286,0,NO,NO,0,13579,156.0333252,1266.400024,0.01136001,3
0,0,0,NO,1,1,0,NO,NO,0,0,0,0,0,0
0,0,0,NO,21,0.002544529,0,NO,NO,0,0,0,0,0,0
0,0,9,NO,12,0.034482759,0,NO,NO,0,0,99.80000305,1266.400024,0.126010105,1
3,4,9,NO,110,0.017482517,1,NO,YES,0,144,426.2000122,1266.400024,0.538131329,2
0,0,6,NO,17,0.035714286,0,NO,NO,0,636,156.0333405,1266.400024,0.197011794,3
0,0,0,NO,1,1,0,NO,NO,0,0,0,0,0,0
0,0,0,NO,21,0.002544529,0,NO,NO,0,0,0,0,0,0
0,0,0,NO,1,1,0,NO,NO,1,671,26.59999084,234.3999939,0.002614583,0
0,1,0,NO,17,0.029126214,0,NO,NO,0,0,0,0,0,1
0,0,0,NO,7,0.151515152,0,NO,NO,33,1,54,1200,0.027173051,1
1,0,8,NO,13,0.064935065,0,NO,NO,33,55,150,1200,0.075480697,1
2,0,3,NO,24,0.028037383,0,NO,NO,33,205,29.59999084,1200,0.014894853,3
1,7,0,NO,456,0.00179019,0,NO,NO,1008,234,200.4333344,225,0.01891106,2
0,0,0,NO,39,0.01953125,0,NO,NO,33,234,1599.866699,1200,0.805060359,3
0,0,0,NO,21,0.002583979,0,NO,NO,0,0,0,0,0,0
0,0,0,NO,1,1,0,NO,NO,33,1882,0,1200,0,0
0,0,0,NO,14,0.0375,0,NO,NO,0,0,40.80000305,1266.400024,0.006617576,1
0,0,0,NO,8,0.06122449,0,NO,NO,0,41,40.80000305,1266.400024,0.006617576,1
0,0,0,NO,6,0.083333333,0,NO,NO,40,112,52.19999695,1186.400024,0.007931758,1
0,0,0,NO,17,0.080645161,0,NO,NO,40,184,36.80000305,1226.400024,0.005780266,1
24,41,85,YES,2822,0.00082027,1,NO,NO,40,241,5884.799805,1186.400024,0.894191791,2
0,0,0,NO,1,1,0,NO,NO,0,0,0,0,0,0
0,0,0,NO,1,1,0,NO,NO,0,0,0,0,0,0
0,0,0,NO,1,1,0,NO,NO,0,0,0,0,0,0
0,0,0,NO,2,0.005952381,0,NO,NO,0,0,0,0,0,0
0,0,0,NO,1,1,0,NO,NO,1,668,29.59999084,248.8000031,0.000177776,0
36,185,97,YES,7396,0.00034708,0,YES,YES,0,0,0,0,0,2
0,0,0,NO,110,0.002604167,0,NO,NO,0,0,0,0,0,0
0,0,0,NO,1,1,0,NO,NO,0,0,0,0,0,0
0,0,0,NO,1,1,0,NO,NO,0,0,0,0,0,0
0,0,0,NO,459,0.000531915,0,NO,NO,0,0,0,0,0,0
0,0,0,NO,1,1,0,NO,NO,0,0,0,0,0,0
0,0,0,NO,3,0.066666667,0,NO,NO,0,0,0,0,0,0
0,0,0,NO,1,1,0,NO,NO,0,0,0,0,0,0
0,0,0,NO,1,1,0,NO,NO,0,0,0,0,0,0
0,0,0,NO,1,1,0,NO,NO,0,0,0,0,0,0
0,0,0,NO,1,1,0,NO,NO,0,0,0,0,0,0
0,0,0,NO,1,1,0,NO,NO,0,0,0,0,0,0
0,0,0,NO,1,1,0,NO,NO,0,0,0,0,0,0
0,0,0,NO,1,1,0,NO,NO,0,0,0,0,0,0
0,0,0,NO,19,0.006622517,0,NO,NO,0,0,0,0,0,0
0,0,0,NO,1,1,0,NO,NO,0,0,0,0,0,0
0,0,0,NO,1,1,0,NO,NO,0,11,0,0,0,0
0,0,0,NO,128,0.000179083,0,NO,NO,0,0,0,0,0,0
0,0,0,NO,56,0.002688172,0,NO,NO,0,0,0,0,0,0
0,0,0,NO,1,3,0,NO,NO,0,0,0,0,0,0
0,0,0,NO,1,1,0,NO,NO,0,19,0,1266.400024,0,0
0,0,0,NO,36,0.003378378,0,NO,NO,0,0,0,0,0,0
0,0,2,NO,37,0.057142857,0,NO,NO,0,19,50.80000305,1266.400024,0.016706863,1
0,0,0,NO,1,3,0,NO,NO,0,70,124.3833313,1266.400024,0.040906598,1
2,0,13,YES,734,0.000765697,2,NO,NO,48,194,2526.449951,1170,0.767638638,2
0,0,0,NO,1,1,0,NO,NO,0,-9999,1,1,2.60E-07,0
0,0,0,NO,1,1,0,NO,NO,0,0,0,0,0,0
0,0,5,NO,6,0.065217391,0,NO,NO,0,2721,51.59999084,1266.400024,0.016969959,3
0,0,0,NO,1,3,0,NO,NO,0,-9999,1,1,2.60E-07,3
0,0,4,NO,6,0.095238095,0,NO,NO,0,2897,51.6000061,1266.400024,0.016969964,3
0,0,1,NO,92,0.008474576,0,NO,NO,0,2772,124.3833313,1266.400024,0.040906598,3
0,0,0,NO,9,0.012987013,0,NO,NO,0,0,0,0,0,0
0,0,0,NO,1,1,0,NO,NO,0,0,0,0,0,0
0,0,0,NO,7,0.145833333,0,NO,NO,0,2948,92.30000305,1266.400024,0.030355185,0
0,0,0,NO,1,1,0,NO,NO,-3000,3041,1,1,2.60E-07,0
0,0,0,NO,6,0.008064516,0,NO,NO,0,0,0,0,0,0
0,0,0,NO,6,0.007874016,0,NO,NO,0,0,0,0,0,0
0,0,0,NO,3,0.020408163,0,NO,NO,0,0,0,0,0,0
0,0,0,NO,57,0.002531646,0,NO,NO,0,0,0,0,0,0
0,0,0,NO,1,1,0,NO,NO,0,3041,0,1266.400024,0,0
0,0,0,NO,1,1,0,NO,NO,0,0,0,0,0,0
0,0,0,NO,4,0.01010101,0,NO,NO,0,0,0,0,0,0
0,0,0,NO,45,0.003663004,0,NO,NO,0,0,0,0,0,0
0,0,0,NO,1,1,0,NO,NO,0,0,0,0,0,0
0,0,0,NO,1,1,0,NO,NO,0,0,0,0,0,0
0,0,0,NO,1,1,0,NO,NO,0,0,0,0,0,0
0,0,0,NO,1,1,0,NO,NO,-3000,3041,1,1,2.60E-07,0
0,0,0,NO,1,1,0,NO,NO,-3000,3041,1,1,2.60E-07,0
0,0,0,NO,1,1,0,NO,NO,13,660,20,263.7000122,0.002508948,0
0,1,18,YES,67,0.004942339,0,NO,NO,0,0,0,0,0,1
0,0,0,NO,1,3,0,NO,NO,0,64,0,0,0,0
2,17,10,YES,533,0.003882657,1,NO,NO,121,0,63.80000305,1024,0.031079369,2
0,0,0,NO,18,0.036585366,0,NO,NO,121,74,1074.949951,1024,0.523648345,3
0,0,0,NO,11,0.217391304,0,NO,NO,0,1167,73.19999695,1266.400024,0.044099484,0
0,0,0,NO,34,0.005,0,NO,NO,0,0,0,0,0,0
0,0,0,NO,1,1,0,NO,NO,0,0,0,0,0,0
0,0,0,NO,66,0.002941176,0,NO,NO,0,0,0,0,0,0
0,0,0,NO,1,1,0,NO,NO,0,0,0,0,0,0
0,0,15,NO,43,0.03030303,0,NO,NO,0,0,137.3999939,1266.400024,0.196510285,1
15,21,62,NO,927,0.000200682,0,NO,YES,0,137,2960.766602,1266.400024,4.234505935,2
0,0,0,NO,1,1,0,NO,NO,0,0,0,0,0,0
0,0,0,NO,1,1,0,NO,NO,0,0,0,0,0,0
0,0,0,NO,1,1,0,NO,NO,0,0,0,0,0,0
0,0,0,NO,1,1,0,NO,NO,0,0,0,0,0,0
0,0,0,NO,1,1,0,NO,NO,0,0,0,0,0,0
0,0,0,NO,1,1,0,NO,NO,0,0,0,0,0,0
0,0,0,NO,1,1,0,NO,NO,0,0,0,0,0,0
0,0,0,NO,1,3,1,NO,NO,0,0,0,1266.400024,0,0
1,0,13,NO,30,0.023255814,0,NO,NO,0,0,129,1266.400024,0.047776007,1
1,0,1,NO,18,0.054347826,0,NO,NO,0,0,0,0,0,0
6,5,20,YES,735,0.000737282,1,NO,NO,58,144,2098.716553,1150,0.705831203,2
0,0,0,NO,1,1,0,NO,NO,0,0,0,0,0,0
0,0,0,NO,1,1,0,NO,NO,0,0,0,0,0,0
0,2,25,NO,113,0.006944444,0,NO,NO,0,2258,442.3833618,1266.400024,0.163839616,4
0,0,0,NO,61,0.000465333,0,NO,NO,0,0,0,0,0,0
0,0,0,NO,1,1,0,NO,NO,0,0,0,0,0,0
0,0,0,NO,1,1,0,NO,NO,0,0,0,0,0,0
0,0,0,NO,1,1,0,NO,NO,0,0,0,0,0,0
0,0,0,NO,1,1,0,NO,NO,0,0,0,0,0,0
0,0,12,NO,26,0.026548673,0,NO,NO,0,0,56.3999939,1266.400024,0.026945891,1
0,0,15,NO,14,0.042857143,1,NO,NO,0,56,40,1266.400024,0.019110563,1
0,0,0,NO,29,0.051851852,1,NO,NO,63,112,30,1140,0.012902346,1
0,0,0,NO,1,1,0,NO,NO,0,0,0,0,0,0
0,0,0,NO,1,1,0,NO,NO,0,-9999,1,1,3.77262E-07,0
0,0,0,NO,1,1,0,NO,NO,0,0,0,0,0,0
6,16,5,NO,636,0.001832173,2,NO,NO,0,-9999,1,1,3.77262E-07,2
0,0,0,NO,1,1,1,NO,NO,63,142,1846.68335,1140,0.794218268,0
0,0,0,NO,11,0.045454545,1,NO,NO,63,2037,0,1140,0,4
2,0,4,NO,66,0.014084507,0,NO,NO,0,634,65.59999084,1266.400024,0.031341319,4
0,0,0,NO,1,1,0,NO,NO,0,0,0,0,0,0
0,0,0,NO,1,1,0,NO,NO,0,0,0,0,0,0
0,0,0,NO,1,1,0,NO,NO,0,0,0,0,0,0
0,0,0,NO,1,1,0,NO,NO,0,0,0,0,0,0
0,0,0,NO,1,1,0,NO,NO,0,0,0,0,0,0
0,0,0,NO,1,1,0,NO,NO,0,0,0,0,0,0
0,0,0,NO,1,1,0,NO,NO,0,0,0,0,0,0
0,0,0,NO,1,1,0,NO,NO,0,0,0,0,0,0
0,0,0,NO,1,1,0,NO,NO,0,0,0,0,0,0
0,0,0,NO,1,1,0,NO,NO,0,0,0,0,0,0
0,0,0,NO,1,1,0,NO,NO,0,0,0,0,0,0
0,0,0,NO,1,1,0,NO,NO,0,0,0,0,0,0
0,0,0,NO,1,1,0,NO,NO,0,0,0,0,0,0
0,0,0,NO,1,1,0,NO,NO,0,0,0,0,0,0
0,0,0,NO,1,1,0,NO,NO,0,0,0,0,0,0
0,0,0,NO,1,1,0,NO,NO,0,0,0,0,0,0
0,0,0,NO,26,0.002257336,0,NO,NO,0,0,0,0,0,0
0,0,0,NO,668,0.000120555,0,NO,NO,0,0,0,0,0,0
0,0,0,NO,1,1,0,NO,NO,0,0,0,0,0,0
0,0,0,NO,1,1,0,NO,NO,0,0,0,0,0,0
0,0,0,NO,1,1,0,NO,NO,0,0,0,0,0,0
0,0,0,NO,1,2,0,NO,NO,0,2037,56,1266.400024,0.026754789,0
0,0,0,NO,1,1,0,NO,NO,0,0,0,0,0,0
0,0,0,NO,1,1,0,NO,NO,12,658,23.59999084,237.6000061,0.001299146,0
0,2,93,YES,361,0.007403751,0,NO,NO,0,0,0,0,0,3
6,13,68,YES,1554,0.006693033,1,NO,NO,8,15,966.7999878,190,0.042558861,2
0,0,0,NO,17,0.00456621,0,NO,NO,0,0,0,0,0,0
0,0,0,NO,1,1,0,NO,NO,0,0,0,0,0,0
0,0,0,NO,10,0.00952381,0,NO,NO,0,0,0,0,0,0
0,0,0,NO,1,1,0,NO,NO,0,0,0,0,0,0
0,68,15,NO,3863,8.69792E-05,0,NO,YES,0,0,27059.81641,1266.400024,38.70110975,2
0,0,0,NO,1,1,0,NO,NO,0,27060,0,1266.400024,0,0
0,0,0,NO,144,0.001488095,0,NO,NO,0,0,0,0,0,0
0,0,0,NO,1,1,0,NO,NO,0,0,0,0,0,0
0,0,0,NO,1,1,0,NO,NO,0,0,0,0,0,0
0,0,0,NO,1,1,0,NO,NO,0,0,0,0,0,0
0,0,0,NO,1,1,0,NO,NO,0,0,0,0,0,0
3,1,0,NO,39,0.036082474,0,NO,NO,0,27060,193.5333405,1266.400024,0.27679253,4
23,0,0,NO,61,0.007792208,1,NO,NO,0,27298,228.3999939,1266.400024,0.326659024,4
0,0,0,NO,3,0.00228833,0,NO,NO,0,0,0,0,0,0
0,0,0,NO,3,0.005494505,0,NO,NO,0,0,0,0,0,0
0,0,0,NO,1,3,0,NO,NO,0,0,0,0,0,0
0,0,0,NO,4,0.00265252,0,NO,NO,0,0,0,0,0,0
0,0,0,NO,8,0.002252252,0,NO,NO,0,0,0,0,0,0
0,0,0,NO,10,0.001594896,0,NO,NO,0,0,0,0,0,0
0,0,0,NO,10,0.001582278,0,NO,NO,0,0,0,0,0,0
0,0,0,NO,1,1,0,NO,NO,0,0,0,0,0,0
0,0,0,NO,1,1,0,NO,NO,0,0,0,0,0,0
0,0,0,NO,1,1,0,NO,NO,0,0,0,0,0,0
1,0,6,NO,57,0.018691589,0,NO,NO,0,0,72,1266.400024,0.102974827,1
0,0,0,NO,17,0.031914894,0,NO,NO,0,0,0,0,0,0
13,87,111,NO,5594,0.000100291,2,NO,NO,88,0,17219.73242,1090,21.19730063,2
0,0,0,NO,1,1,0,NO,NO,0,0,0,0,0,0
0,0,7,NO,16,0.079365079,0,NO,NO,0,17220,63,1266.400024,0.090102973,4
0,0,0,NO,1,1,0,NO,NO,0,0,0,0,0,0
0,2,0,NO,8,0.057692308,0,NO,NO,0,0,0,0,0,0
0,0,0,NO,1,1,0,NO,NO,0,17283,0,1266.400024,0,0
0,0,0,NO,1,1,0,NO,NO,0,17283,0,1266.400024,0,0
0,0,0,NO,1,1,0,NO,NO,0,0,0,0,0,0
0,0,0,NO,1,1,0,NO,NO,0,0,0,0,0,0
0,0,0,NO,17,0.000720981,0,NO,NO,0,0,0,0,0,0
0,0,0,NO,11,0.000309789,0,NO,NO,0,0,0,0,0,0
0,0,0,NO,3,0.003125,0,NO,NO,0,0,0,0,0,0
0,0,0,NO,1,1,0,NO,NO,0,0,0,0,0,0
0,0,0,NO,9,0.009803922,0,NO,NO,0,0,0,0,0,0
0,0,0,NO,3,0.00952381,0,NO,NO,0,0,0,0,0,0
0,0,0,NO,596,0.00044603,0,NO,NO,0,0,0,0,0,0
0,0,0,NO,4692,6.54279E-05,0,NO,NO,0,0,0,0,0,0
0,0,0,NO,3,0.018867925,0,NO,NO,0,0,0,0,0,0
1,1,0,NO,115,0.001436782,0,NO,NO,0,0,0,0,0,0
0,0,0,NO,3,0.011235955,0,NO,NO,0,0,0,0,0,0
0,0,0,NO,3,0.002222222,0,NO,NO,0,0,0,0,0,0
0,0,0,NO,1,0.25,0,NO,NO,0,0,0,0,0,0
0,0,0,NO,1,1,0,NO,NO,0,0,0,0,0,0
0,0,0,NO,22,0.000618047,0,NO,NO,0,0,0,0,0,0
0,0,62,YES,703,0.000510856,1,NO,NO,0,0,78,1266.400024,0.004359437,1
43,178,52,NO,4547,0.000157897,2,NO,NO,0,0,0,1266.400024,0,2
5,1,16,NO,298,0.002904866,1,NO,NO,0,0,17524.61719,1266.400024,0.979454776,4
0,0,0,NO,1,1,0,NO,NO,0,0,0,0,0,0
0,0,0,NO,508,0.000765697,0,NO,NO,0,0,0,0,0,0
0,0,0,NO,1,1,0,NO,NO,0,0,0,0,0,0
0,0,0,NO,1,1,0,NO,NO,0,0,0,0,0,0
0,0,0,NO,63,0.00255102,0,NO,NO,0,0,0,0,0,0
0,0,0,NO,1,1,0,NO,NO,0,0,0,0,0,0
0,0,0,NO,387,0.000949668,0,NO,NO,0,0,0,0,0,0
0,0,0,NO,231,0.001589825,0,NO,NO,0,0,0,0,0,0
0,0,0,NO,1,1,0,NO,NO,0,0,0,0,0,0
0,0,0,NO,1,1,0,NO,NO,0,17525,367.5999756,1266.400024,0.020545245,0
0,0,0,NO,48,0.002702703,0,NO,NO,0,0,0,0,0,0
0,0,0,NO,10,0.014492754,0,NO,NO,0,0,0,0,0,0
0,0,0,NO,1,1,0,NO,NO,0,0,0,0,0,0
0,0,0,NO,62,0.002141328,0,NO,NO,0,0,0,0,0,0
0,0,0,NO,1,1,0,NO,NO,0,0,0,0,0,0
0,0,0,NO,65,0.003401361,0,NO,NO,0,0,0,0,0,0
0,0,0,NO,1,1,0,NO,NO,0,0,0,0,0,0
0,0,0,NO,1,1,0,NO,NO,0,0,0,0,0,0
0,0,0,NO,1,1,0,NO,NO,0,0,0,0,0,0
0,0,0,NO,1,1,0,NO,NO,0,17892,0,1266.400024,0,0
0,0,0,NO,36,0.003424658,0,NO,NO,0,0,0,0,0,0
0,0,0,NO,2,0.004219409,0,NO,NO,0,0,0,0,0,0
0,0,30,NO,65,0.004264392,0,NO,NO,0,17892,0,1266.400024,0,0
0,0,0,NO,1,1,0,NO,NO,0,0,0,0,0,0
0,0,0,NO,1,1,0,NO,NO,0,0,0,0,0,0
0,0,0,NO,1,2,0,NO,NO,0,0,0,0,0,0
0,0,0,NO,1,1,0,NO,NO,0,0,0,0,0,0
0,0,0,NO,1,1,0,NO,NO,0,0,0,0,0,0
0,0,0,NO,1,1,0,NO,NO,0,0,0,0,0,0
0,0,12,NO,16,0.083333333,0,NO,NO,0,0,30,1266.400024,0.039473684,1
0,0,1,NO,111,0.002743484,1,NO,NO,0,0,0,0,0,0
0,0,0,NO,8,0.040816327,1,NO,NO,0,0,0,0,0,0
0,0,70,NO,282,0.005363985,0,NO,NO,-257,0,772,257,0.206141732,1
0,0,0,NO,1,1,0,NO,NO,0,7,16.80000305,0,0,0
0,0,0,NO,1,1,0,NO,NO,0,7,16.80000305,0,0,0
3,42,57,YES,1170,0.001386108,1,NO,NO,0,0,0,0,0,2
0,0,0,NO,1,1,0,NO,NO,53,21,718,1160,0.86536222,0
0,0,0,NO,1,2,0,NO,NO,0,0,0,0,0,0
0,0,0,NO,1,1,0,NO,NO,0,0,0,0,0,0
0,0,0,NO,1,1,0,NO,NO,0,0,0,0,0,0
0,0,0,NO,1,1,0,NO,NO,0,0,0,0,0,0
0,0,0,NO,1,1,0,NO,NO,0,0,0,0,0,0
0,0,0,NO,1,1,0,NO,NO,0,0,0,0,0,0
0,0,0,NO,1,1,0,NO,NO,0,0,0,0,0,0
0,0,0,NO,1,1,0,NO,NO,0,0,0,0,0,0
0,0,0,NO,1,1,0,NO,NO,0,0,0,0,0,0
0,0,0,NO,1,1,0,NO,NO,0,0,0,0,0,0
0,0,0,NO,1,1,0,NO,NO,0,0,0,0,0,0
0,0,0,NO,51,0.000137665,0,NO,NO,0,0,0,0,0,0
0,0,0,NO,1,1,0,NO,NO,0,0,0,0,0,0
0,0,0,NO,1,1,0,NO,NO,0,0,0,0,0,0
0,0,0,NO,1,1,0,NO,NO,0,0,0,0,0,0
0,0,0,NO,1,1,0,NO,NO,0,0,0,0,0,0
0,0,0,NO,16,0.006369427,0,NO,NO,0,0,0,0,0,0
0,0,0,NO,1,1,0,NO,NO,0,0,0,0,0,0
0,0,0,NO,1,1,0,NO,NO,0,0,0,0,0,0
0,1,0,NO,25,0.044247788,0,NO,NO,89,595,104,1089.133301,0.012112673,0
0,0,0,NO,1,1,0,NO,NO,0,0,0,0,0,0
0,0,0,NO,35,0.002538071,0,NO,NO,0,0,0,0,0,0
0,0,0,NO,3,0.157894737,0,NO,NO,0,0,0,1266.400024,0,0
0,0,9,NO,27,0.025210084,0,NO,NO,89,595,104,1089.133301,0.012112673,1
17,81,259,NO,2710,0.000620512,0,NO,YES,0,0,33,1266.400024,0.004469001,2
0,2,7,NO,43,0.017006803,0,NO,NO,0,33,7242.399902,1266.400024,0.980796797,4
1,0,78,NO,146,0.000980392,0,NO,NO,0,7275,108.8000031,1266.400024,0.014734162,0
0,0,0,NO,1,1,0,NO,NO,0,0,0,0,0,0
0,0,0,NO,1,2,0,NO,NO,0,0,0,0,0,0
0,0,0,NO,1,1,0,NO,NO,-5000,7275,3.200012207,3.199996948,1.09503E-06,0
0,0,0,NO,3,0.003846154,0,NO,NO,0,0,0,0,0,0
0,0,0,NO,1,0.00310559,0,NO,NO,0,0,0,0,0,0
0,0,0,NO,1,1,0,NO,NO,-5000,7384,3.199996948,3.199996948,1.09503E-06,0
0,0,0,NO,1,1,0,NO,NO,0,0,0,0,0,0
0,0,0,NO,1,1,0,NO,NO,0,0,0,0,0,0
0,0,0,NO,4,0.04,0,NO,NO,0,7384,0,1266.400024,0,0
0,0,0,NO,1,1,0,NO,NO,-1988,-1999,24,191.2333374,0.000490795,0
0,0,0,NO,1,1,0,NO,NO,0,0,0,0,0,0
0,0,0,NO,1,1,0,NO,NO,0,0,0,0,0,0
0,0,0,NO,1,1,0,NO,NO,0,0,0,0,0,0
0,0,0,NO,1,1,0,NO,NO,0,0,0,0,0,0
0,0,0,NO,16,0.006369427,0,NO,NO,0,0,0,0,0,0
0,0,0,NO,1,1,0,NO,NO,0,0,0,0,0,0
0,0,0,NO,1,1,0,NO,NO,0,0,0,0,0,0
0,0,0,NO,128,0.000179083,0,NO,NO,0,0,0,0,0,0
0,0,0,NO,1,1,0,NO,NO,0,0,0,0,0,0
0,0,0,NO,1,1,0,NO,NO,0,0,0,0,0,0
0,0,0,NO,4,0.047619048,0,NO,NO,0,-500,38,164.0833282,0.000682497,0
0,0,6,NO,88,0.014925373,0,NO,NO,0,0,119.6000061,1266.400024,0.016578875,1
1,0,7,NO,112,0.01216545,0,NO,NO,0,0,0,0,0,0
22,120,90,NO,2759,0.000204513,1,NO,NO,0,0,0,1266.400024,0,2
1,1,0,NO,16,0.052631579,0,NO,NO,0,0,0,0,0,0
0,8,24,NO,138,0.004189944,0,NO,NO,0,6955,258.6000061,1266.400024,0.035846965,4
0,0,0,NO,1,1,0,NO,NO,0,0,0,0,0,0
0,0,0,NO,1,1,0,NO,NO,0,0,0,0,0,0
0,0,0,NO,1,1,0,NO,NO,0,0,0,0,0,0
0,0,0,NO,1,1,0,NO,NO,0,0,0,0,0,0
0,0,0,NO,1,1,0,NO,NO,0,0,0,0,0,0
0,0,0,NO,1,1,0,NO,NO,0,0,0,0,0,0
0,0,0,NO,131,0.001733102,0,NO,NO,0,0,0,0,0,0
0,0,0,NO,1,1,0,NO,NO,0,0,0,0,0,0
0,0,0,NO,21,0.000512295,0,NO,NO,0,0,0,0,0,0
0,0,0,NO,6,0.007075472,0,NO,NO,0,0,0,0,0,0
0,0,0,NO,2,0.003731343,0,NO,NO,0,0,0,0,0,0
0,0,0,NO,1,1,0,NO,NO,0,0,0,0,0,0
0,0,0,NO,1,1,0,NO,NO,0,0,0,0,0,0
0,0,0,NO,1,1,0,NO,NO,0,0,0,0,0,0
0,0,0,NO,1,1,0,NO,NO,0,0,0,0,0,0
0,0,0,NO,1,1,0,NO,NO,0,0,0,0,0,0
0,0,0,NO,1,1,0,NO,NO,0,0,0,1266.400024,0,0
0,0,0,NO,1,0.011792453,0,NO,NO,0,0,0,0,0,0
0,0,0,NO,2,0.01509434,0,NO,NO,0,0,0,0,0,0
0,0,0,NO,1,0.003115265,0,NO,NO,0,0,0,0,0,0
0,0,0,NO,1,1,0,NO,NO,0,0,0,0,0,0
0,0,0,NO,1,1,0,NO,NO,0,0,0,0,0,0
0,0,0,NO,41,0.002309469,0,NO,NO,0,0,0,0,0,0
0,0,0,NO,1,1,0,NO,NO,0,0,0,0,0,0
0,0,0,NO,15,0.002915452,0,NO,NO,0,0,0,0,0,0
0,0,87,NO,445,0.002935421,0,NO,NO,0,0,72,1266.400024,0.102974827,1
0,0,3,NO,24,0.12195122,0,NO,NO,0,-290,302,450,0.153478349,1
0,0,0,NO,2987,7.79302E-05,0,NO,NO,0,0,0,0,0,0
18,35,35,NO,6851,0.000220592,2,NO,NO,0,72,7043.299805,1266.400024,10.07336911,2
5,0,34,NO,1341,0.002444614,0,NO,NO,0,7115,435.3999939,1266.400024,0.622711651,4
0,0,0,NO,1178,0.000217439,0,NO,NO,0,0,0,0,0,0
0,0,0,NO,1,1,0,NO,NO,0,0,0,0,0,0
0,0,0,NO,1,0.003115265,0,NO,NO,0,0,0,0,0,0
0,0,0,NO,1,0.002364066,0,NO,NO,0,0,0,0,0,0
0,0,0,NO,1,1,0,NO,NO,0,0,0,0,0,0
0,0,0,NO,1,0.002941176,0,NO,NO,0,0,0,0,0,0
0,0,0,NO,313,0.001261034,0,NO,NO,0,0,0,0,0,0
0,0,0,NO,1,1,0,NO,NO,0,0,0,0,0,0
0,0,0,NO,1,1,0,NO,NO,0,0,0,0,0,0
0,0,0,NO,206,0.00129199,0,NO,NO,0,0,0,0,0,0
4,5,2,NO,153,0.006920415,0,NO,NO,0,7551,0,1266.400024,0,0
0,0,0,NO,2,0.024390244,0,NO,NO,0,0,0,0,0,0
0,0,0,NO,2,0.024390244,0,NO,NO,0,0,0,0,0,0
0,0,0,NO,2,0.034482759,0,NO,NO,0,0,0,0,0,0
0,0,0,NO,1,1,0,NO,NO,0,0,0,0,0,0
0,0,0,NO,1,1,0,NO,NO,0,0,0,0,0,0
0,0,0,NO,1,1,0,NO,NO,0,7551,0,1266.400024,0,0
0,0,0,NO,1,1,0,NO,NO,0,0,0,0,0,0
0,0,0,NO,19,0.000831255,0,NO,NO,0,0,0,1266.400024,0,0
0,0,0,NO,1,1,0,NO,NO,0,0,0,0,0,0
0,0,0,NO,7,0.002985075,0,NO,NO,0,0,0,0,0,0
1,0,4,NO,10,0.02739726,0,NO,NO,0,0,0,1266.400024,0,1
0,1,96,YES,165,0.005402161,0,NO,NO,0,0,225.9833374,1266.400024,0.041504561,1
15,10,55,NO,1111,0.000304553,1,NO,YES,0,226,4117,1266.400024,0.756136626,2
6,6,24,NO,77,0.005134788,0,NO,NO,0,4343,1101.800049,1266.400024,0.202358847,4
0,0,0,NO,1,1,0,NO,NO,0,0,0,0,0,0
0,0,0,NO,1,1,0,NO,NO,0,0,0,0,0,0
0,0,0,NO,1,1,0,NO,NO,0,0,0,0,0,0
0,0,0,NO,1,0.002364066,0,NO,NO,0,0,0,0,0,0
0,0,0,NO,1,1,0,NO,NO,0,0,0,0,0,0
0,0,0,NO,1,1,0,NO,NO,0,0,0,0,0,0
0,0,0,NO,1,1,0,NO,NO,0,0,0,0,0,0
0,0,0,NO,1,1,0,NO,NO,0,0,0,0,0,0
0,0,0,NO,1,0.058823529,0,NO,NO,0,0,0,0,0,0
0,0,0,NO,3,0.007462687,0,NO,NO,0,0,0,0,0,0
0,0,0,NO,1,1,0,NO,NO,0,0,0,0,0,0
0,0,0,NO,1,1,0,NO,NO,0,0,0,0,0,0
0,0,0,NO,1,1,0,NO,NO,0,0,0,0,0,0
0,0,0,NO,1,1,0,NO,NO,0,0,0,0,0,0
0,0,0,NO,1,1,0,NO,NO,0,111,16.80000305,0,0,0
21,4,169,NO,1922,0.000165311,0,NO,YES,0,125,0,1266.400024,0,2
0,0,1,NO,3,0.083333333,0,NO,NO,1236,669,30,30,0.000309474,0
0,0,0,NO,1,1,0,NO,NO,0,0,0,0,0,0
0,0,0,NO,1,1,0,NO,NO,0,0,0,0,0,0
0,0,0,NO,1,1,0,NO,NO,0,0,0,0,0,0
0,0,0,NO,1,1,0,NO,NO,0,0,0,0,0,0
0,0,0,NO,1,1,0,NO,NO,0,0,0,0,0,0
0,0,0,NO,1,1,0,NO,NO,0,0,0,0,0,0
0,0,0,NO,1,1,0,NO,NO,0,0,0,0,0,0
0,0,0,NO,1,1,0,NO,NO,0,0,0,0,0,0
0,0,0,NO,1,1,0,NO,NO,0,0,0,0,0,0
0,0,0,NO,1,1,0,NO,NO,0,0,0,0,0,0
0,0,0,NO,1,1,0,NO,NO,0,0,0,0,0,0
0,0,0,NO,1,1,0,NO,NO,0,0,2296.399902,1266.400024,1,0
0,0,0,NO,1,1,0,NO,NO,0,0,0,0,0,0
0,0,0,NO,1,1,0,NO,NO,0,0,0,0,0,0
0,0,12,NO,85,0.009345794,0,NO,NO,0,0,56,1266.400024,0.080091532,1
15,14,11,NO,507,0.001714678,1,NO,NO,0,0,2316.116699,1266.400024,3.312523825,2
0,9,23,NO,109,0.015873016,0,NO,NO,0,2316,576.5,1266.400024,0.824513716,4
0,0,0,NO,1,1,0,NO,NO,0,0,0,0,0,0
0,0,0,NO,1,1,0,NO,NO,0,0,0,0,0,0
0,0,0,NO,1,1,0,NO,NO,0,0,0,0,0,0
0,0,0,NO,1,1,0,NO,NO,0,0,0,0,0,0
0,0,0,NO,1,1,0,NO,NO,0,0,0,0,0,0
0,0,0,NO,1,1,0,NO,NO,0,0,0,0,0,0
0,0,0,NO,1,1,0,NO,NO,0,0,0,0,0,0
0,0,0,NO,1,1,0,NO,NO,0,0,0,0,0,0
0,0,0,NO,1,1,0,NO,NO,0,2316,0,1266.400024,0,0
0,0,0,NO,3,0.003367003,0,NO,NO,0,0,0,0,0,0
0,0,0,NO,1,1,0,NO,NO,0,0,0,0,0,0
0,0,0,NO,14,0.001390821,0,NO,NO,0,0,0,0,0,0
0,0,0,NO,1,1,0,NO,NO,0,0,0,0,0,0
0,0,0,NO,1,0.002136752,0,NO,NO,0,0,0,0,0,0
0,0,0,NO,1,1,0,NO,NO,0,0,0,0,0,0
0,0,0,NO,1,1,0,NO,NO,0,0,0,0,0,0
0,0,0,NO,4,0.047619048,0,NO,NO,0,0,9.600006104,9.600006104,8.66192E-06,0
0,0,0,NO,3,0.09375,0,NO,NO,0,0,36,1266.400024,0.004284941,1
0,0,0,NO,68,0.013513514,0,NO,NO,0,36,92.44999695,1266.400024,0.011003965,1
0,0,0,NO,6,0.130434783,0,NO,NO,0,0,0,0,0,1
0,0,46,NO,178,0.005268704,0,NO,NO,0,128,71.40000916,1266.400024,0.008498467,0
24,56,63,NO,2507,0.0001953,1,YES,YES,0,200,7753.899902,1266.400024,0.922916691,2
2,2,9,NO,123,0.014028056,0,NO,NO,0,7954,447.7666626,1266.400024,0.053295933,4
0,0,0,NO,18,0.007142857,0,NO,NO,0,0,0,0,0,0
0,0,0,NO,82,0.000591017,0,NO,NO,0,0,0,0,0,0
0,0,0,NO,1,1,0,NO,NO,0,0,0,0,0,0
0,0,0,NO,1,1,0,NO,NO,0,0,0,0,0,0
0,0,0,NO,1,1,0,NO,NO,0,8382,20,100,0.000187976,0
